run_id,objective,ray_rmse,len_rmse,proj_rmse,n_ray,n_len,n_proj,s_ray,s_len,success,error,x_delta_0,x_delta_1,x_delta_2,x_delta_3,x_delta_4,x_delta_5,x_delta_6,x_delta_7,x_delta_8,x_delta_9,x_delta_10,x_delta_11,x_delta_12,x_delta_13,x_delta_14,x_delta_15,x_delta_16,x_delta_17,x_delta_18,x_delta_19,x_delta_20,x_delta_21,x_delta_22,x_delta_23,x_delta_24,x_delta_25,x_delta_26,x_delta_27,x_delta_28,x_delta_29,x_delta_30,x_delta_31,x_delta_32,x_delta_33,x_delta_34,x_delta_35
0,1611580816.5228086,231.76975034265215,1.464027617561864,0.0,30000,3000,0,1611516515.216859,6430.130594951603,True,,0.0026777824584391457,0.00010457165760588111,-0.00011574855461615167,0.11525112889224695,-113.84212913044335,-75.13961890031834,29.647398666449455,76.54639693168664,170.2089404591248,-103.8140642000999,-11.756048962580119,-41.268181723478875,-57.20842698167817,-20.859891264576373,-4.263008058540045,76.26267761247215,62.74462466614281,-130.19224494119987,-59.40886666399901,25.814473635863845,53.62424352798867,-4.718663456127798,-76.28212518149427,-25.398002047656643,-13.559861233495443,11.815613734567744,-25.4877301286171,42.208252281636746,90.2678941076104,-1.6084679584421815,-5.9687091499627085,-0.5842328871918715,-85.61580119020526,-67.67571640294396,9.831908289718188,-37.92374777514155
