{
  "summary": {
    "best_objective": 2693378895.072142,
    "ref_objective": 19904.176811899757,
    "improvement": 2693358990.8953304,
    "n_runs": 1,
    "n_candidates_deduped": 1,
    "total_evals": 23,
    "total_wall_seconds": 22.15600000001723
  },
  "probe": {
    "ref_objective": 19904.176811899757,
    "n_evals": 9,
    "scales": [
      0.052398659282373194,
      0.0002636845844709218,
      0.0006090784059354666,
      0.11428068256470404,
      100.0,
      100.0,
      100.0,
      100.0,
      100.0,
      100.0,
      100.0,
      100.0,
      100.0,
      100.0,
      100.0,
      100.0,
      100.0,
      100.0,
      100.0,
      100.0,
      100.0,
      100.0,
      100.0,
      100.0,
      100.0,
      100.0,
      100.0,
      100.0,
      100.0,
      100.0,
      100.0,
      100.0,
      100.0,
      100.0,
      100.0,
      100.0
    ]
  },
  "best_diagnostics": {
    "objective": 2693378895.072142,
    "ray_rmse": 299.6058311778064,
    "len_rmse": 3.955050778498847,
    "proj_rmse": 0.0,
    "success": true,
    "error": null,
    "n_ray": 30000,
    "n_len": 3000,
    "n_proj": 0,
    "s_ray": 2692909622.272327,
    "s_len": 46927.279981513006
  },
  "best_x_delta": [
    -0.016644514268198466,
    0.00016116598155704022,
    -6.424393346702591e-06,
    -0.10075177243409493,
    -23.216422694023343,
    -86.08142510404187,
    115.00551585200473,
    41.853087522691915,
    -21.669760627272954,
    45.286435017644806,
    -73.90425685825974,
    3.435976728881957,
    -33.976037734040446,
    29.869173075024076,
    81.47282867641408,
    -73.33106893471128,
    -102.63048978442751,
    2.339652926750655,
    -64.98911244485245,
    11.156855432905141,
    54.6036905488147,
    57.131515849928874,
    57.04357643157347,
    23.268789922883812,
    120.56139257609944,
    53.87487781349522,
    -3.9026349873890296,
    -55.43014549668608,
    -95.18139738344206,
    102.38512822504929,
    7.877998287224254,
    27.53372106155103,
    -47.68749357746573,
    -14.736624556722067,
    29.643702144403488,
    -34.317918113864145
  ],
  "candidates": [
    {
      "rank": 0,
      "run_id": 0,
      "objective": 2693378895.072142,
      "x_delta": [
        -0.016644514268198466,
        0.00016116598155704022,
        -6.424393346702591e-06,
        -0.10075177243409493,
        -23.216422694023343,
        -86.08142510404187,
        115.00551585200473,
        41.853087522691915,
        -21.669760627272954,
        45.286435017644806,
        -73.90425685825974,
        3.435976728881957,
        -33.976037734040446,
        29.869173075024076,
        81.47282867641408,
        -73.33106893471128,
        -102.63048978442751,
        2.339652926750655,
        -64.98911244485245,
        11.156855432905141,
        54.6036905488147,
        57.131515849928874,
        57.04357643157347,
        23.268789922883812,
        120.56139257609944,
        53.87487781349522,
        -3.9026349873890296,
        -55.43014549668608,
        -95.18139738344206,
        102.38512822504929,
        7.877998287224254,
        27.53372106155103,
        -47.68749357746573,
        -14.736624556722067,
        29.643702144403488,
        -34.317918113864145
      ],
      "diagnostics": {
        "objective": 2693378895.072142,
        "ray_rmse": 299.6058311778064,
        "len_rmse": 3.955050778498847,
        "proj_rmse": 0.0,
        "success": true,
        "error": null,
        "n_ray": 30000,
        "n_len": 3000,
        "n_proj": 0,
        "s_ray": 2692909622.272327,
        "s_len": 46927.279981513006
      }
    }
  ],
  "runs": [
    {
      "run_id": 0,
      "best_objective": 2693378895.072142,
      "n_generations": 1,
      "n_evals": 14,
      "wall_seconds": 13.188000000023749,
      "stop_reason": "max_generations_reached (1)",
      "best_diagnostics": {
        "objective": 2693378895.072142,
        "ray_rmse": 299.6058311778064,
        "len_rmse": 3.955050778498847,
        "proj_rmse": 0.0,
        "success": true,
        "error": null,
        "n_ray": 30000,
        "n_len": 3000,
        "n_proj": 0,
        "s_ray": 2692909622.272327,
        "s_len": 46927.279981513006
      },
      "best_x_delta": [
        -0.016644514268198466,
        0.00016116598155704022,
        -6.424393346702591e-06,
        -0.10075177243409493,
        -23.216422694023343,
        -86.08142510404187,
        115.00551585200473,
        41.853087522691915,
        -21.669760627272954,
        45.286435017644806,
        -73.90425685825974,
        3.435976728881957,
        -33.976037734040446,
        29.869173075024076,
        81.47282867641408,
        -73.33106893471128,
        -102.63048978442751,
        2.339652926750655,
        -64.98911244485245,
        11.156855432905141,
        54.6036905488147,
        57.131515849928874,
        57.04357643157347,
        23.268789922883812,
        120.56139257609944,
        53.87487781349522,
        -3.9026349873890296,
        -55.43014549668608,
        -95.18139738344206,
        102.38512822504929,
        7.877998287224254,
        27.53372106155103,
        -47.68749357746573,
        -14.736624556722067,
        29.643702144403488,
        -34.317918113864145
      ],
      "generation_log": [
        {
          "gen": 0,
          "best_objective": 2693378895.072142,
          "median_objective": 29988641043.46447,
          "worst_objective": 7.286358587944678e+16,
          "feasible_fraction": 1.0,
          "sigma": 0.560146918538275,
          "cumulative_evals": 14,
          "cumulative_wall_seconds": 13.188000000023749
        }
      ]
    }
  ]
}