{
  "summary": {
    "best_objective": 1611580816.5228086,
    "ref_objective": 19904.176811899757,
    "improvement": 1611560912.3459966,
    "n_runs": 1,
    "n_candidates_deduped": 1,
    "total_evals": 23,
    "total_wall_seconds": 24.34299999999348
  },
  "probe": {
    "ref_objective": 19904.176811899757,
    "n_evals": 9,
    "scales": [
      0.052398659282373194,
      0.0002636845844709218,
      0.0006090784059354666,
      0.11428068256470404,
      100.0,
      100.0,
      100.0,
      100.0,
      100.0,
      100.0,
      100.0,
      100.0,
      100.0,
      100.0,
      100.0,
      100.0,
      100.0,
      100.0,
      100.0,
      100.0,
      100.0,
      100.0,
      100.0,
      100.0,
      100.0,
      100.0,
      100.0,
      100.0,
      100.0,
      100.0,
      100.0,
      100.0,
      100.0,
      100.0,
      100.0,
      100.0
    ]
  },
  "best_diagnostics": {
    "objective": 1611580816.5228086,
    "ray_rmse": 231.76975034265215,
    "len_rmse": 1.464027617561864,
    "proj_rmse": 0.0,
    "success": true,
    "error": null,
    "n_ray": 30000,
    "n_len": 3000,
    "n_proj": 0,
    "s_ray": 1611516515.216859,
    "s_len": 6430.130594951603
  },
  "best_x_delta": [
    0.0026777824584391457,
    0.00010457165760588111,
    -0.00011574855461615167,
    0.11525112889224695,
    -113.84212913044335,
    -75.13961890031834,
    29.647398666449455,
    76.54639693168664,
    170.2089404591248,
    -103.8140642000999,
    -11.756048962580119,
    -41.268181723478875,
    -57.20842698167817,
    -20.859891264576373,
    -4.263008058540045,
    76.26267761247215,
    62.74462466614281,
    -130.19224494119987,
    -59.40886666399901,
    25.814473635863845,
    53.62424352798867,
    -4.718663456127798,
    -76.28212518149427,
    -25.398002047656643,
    -13.559861233495443,
    11.815613734567744,
    -25.4877301286171,
    42.208252281636746,
    90.2678941076104,
    -1.6084679584421815,
    -5.9687091499627085,
    -0.5842328871918715,
    -85.61580119020526,
    -67.67571640294396,
    9.831908289718188,
    -37.92374777514155
  ],
  "candidates": [
    {
      "rank": 0,
      "run_id": 0,
      "objective": 1611580816.5228086,
      "x_delta": [
        0.0026777824584391457,
        0.00010457165760588111,
        -0.00011574855461615167,
        0.11525112889224695,
        -113.84212913044335,
        -75.13961890031834,
        29.647398666449455,
        76.54639693168664,
        170.2089404591248,
        -103.8140642000999,
        -11.756048962580119,
        -41.268181723478875,
        -57.20842698167817,
        -20.859891264576373,
        -4.263008058540045,
        76.26267761247215,
        62.74462466614281,
        -130.19224494119987,
        -59.40886666399901,
        25.814473635863845,
        53.62424352798867,
        -4.718663456127798,
        -76.28212518149427,
        -25.398002047656643,
        -13.559861233495443,
        11.815613734567744,
        -25.4877301286171,
        42.208252281636746,
        90.2678941076104,
        -1.6084679584421815,
        -5.9687091499627085,
        -0.5842328871918715,
        -85.61580119020526,
        -67.67571640294396,
        9.831908289718188,
        -37.92374777514155
      ],
      "diagnostics": {
        "objective": 1611580816.5228086,
        "ray_rmse": 231.76975034265215,
        "len_rmse": 1.464027617561864,
        "proj_rmse": 0.0,
        "success": true,
        "error": null,
        "n_ray": 30000,
        "n_len": 3000,
        "n_proj": 0,
        "s_ray": 1611516515.216859,
        "s_len": 6430.130594951603
      }
    }
  ],
  "runs": [
    {
      "run_id": 0,
      "best_objective": 1611580816.5228086,
      "n_generations": 1,
      "n_evals": 14,
      "wall_seconds": 14.76500000001397,
      "stop_reason": "max_generations_reached (1)",
      "best_diagnostics": {
        "objective": 1611580816.5228086,
        "ray_rmse": 231.76975034265215,
        "len_rmse": 1.464027617561864,
        "proj_rmse": 0.0,
        "success": true,
        "error": null,
        "n_ray": 30000,
        "n_len": 3000,
        "n_proj": 0,
        "s_ray": 1611516515.216859,
        "s_len": 6430.130594951603
      },
      "best_x_delta": [
        0.0026777824584391457,
        0.00010457165760588111,
        -0.00011574855461615167,
        0.11525112889224695,
        -113.84212913044335,
        -75.13961890031834,
        29.647398666449455,
        76.54639693168664,
        170.2089404591248,
        -103.8140642000999,
        -11.756048962580119,
        -41.268181723478875,
        -57.20842698167817,
        -20.859891264576373,
        -4.263008058540045,
        76.26267761247215,
        62.74462466614281,
        -130.19224494119987,
        -59.40886666399901,
        25.814473635863845,
        53.62424352798867,
        -4.718663456127798,
        -76.28212518149427,
        -25.398002047656643,
        -13.559861233495443,
        11.815613734567744,
        -25.4877301286171,
        42.208252281636746,
        90.2678941076104,
        -1.6084679584421815,
        -5.9687091499627085,
        -0.5842328871918715,
        -85.61580119020526,
        -67.67571640294396,
        9.831908289718188,
        -37.92374777514155
      ],
      "generation_log": [
        {
          "gen": 0,
          "best_objective": 1611580816.5228086,
          "median_objective": 144711003724.2212,
          "worst_objective": 3.408833840159589e+17,
          "feasible_fraction": 1.0,
          "sigma": 0.5618591012323548,
          "cumulative_evals": 14,
          "cumulative_wall_seconds": 14.76500000001397
        }
      ]
    }
  ]
}