run_id,objective,ray_rmse,len_rmse,proj_rmse,n_ray,n_len,n_proj,s_ray,s_len,success,error,x_delta_0,x_delta_1,x_delta_2,x_delta_3,x_delta_4,x_delta_5,x_delta_6,x_delta_7,x_delta_8,x_delta_9,x_delta_10,x_delta_11,x_delta_12,x_delta_13,x_delta_14,x_delta_15,x_delta_16,x_delta_17,x_delta_18,x_delta_19,x_delta_20,x_delta_21,x_delta_22,x_delta_23,x_delta_24,x_delta_25,x_delta_26,x_delta_27,x_delta_28,x_delta_29,x_delta_30,x_delta_31,x_delta_32,x_delta_33,x_delta_34,x_delta_35
0,2693378895.072142,299.6058311778064,3.955050778498847,0.0,30000,3000,0,2692909622.272327,46927.279981513006,True,,-0.016644514268198466,0.00016116598155704022,-6.424393346702591e-06,-0.10075177243409493,-23.216422694023343,-86.08142510404187,115.00551585200473,41.853087522691915,-21.669760627272954,45.286435017644806,-73.90425685825974,3.435976728881957,-33.976037734040446,29.869173075024076,81.47282867641408,-73.33106893471128,-102.63048978442751,2.339652926750655,-64.98911244485245,11.156855432905141,54.6036905488147,57.131515849928874,57.04357643157347,23.268789922883812,120.56139257609944,53.87487781349522,-3.9026349873890296,-55.43014549668608,-95.18139738344206,102.38512822504929,7.877998287224254,27.53372106155103,-47.68749357746573,-14.736624556722067,29.643702144403488,-34.317918113864145
