{
  "summary": {
    "best_objective": 634226726.9453954,
    "ref_objective": 19904.176811899757,
    "improvement": 634206822.7685834,
    "n_runs": 1,
    "n_candidates_deduped": 1,
    "total_evals": 23,
    "total_wall_seconds": 22.68699999997625
  },
  "probe": {
    "ref_objective": 19904.176811899757,
    "n_evals": 9,
    "scales": [
      0.052398659282373194,
      0.0002636845844709218,
      0.0006090784059354666,
      0.11428068256470404,
      100.0,
      100.0,
      100.0,
      100.0,
      100.0,
      100.0,
      100.0,
      100.0,
      100.0,
      100.0,
      100.0,
      100.0,
      100.0,
      100.0,
      100.0,
      100.0,
      100.0,
      100.0,
      100.0,
      100.0,
      100.0,
      100.0,
      100.0,
      100.0,
      100.0,
      100.0,
      100.0,
      100.0,
      100.0,
      100.0,
      100.0,
      100.0
    ]
  },
  "best_diagnostics": {
    "objective": 634226726.9453954,
    "ray_rmse": 145.27065040242394,
    "len_rmse": 6.109748753964408,
    "proj_rmse": 0.0,
    "success": true,
    "error": null,
    "n_ray": 30000,
    "n_len": 3000,
    "n_proj": 0,
    "s_ray": 633106856.0502982,
    "s_len": 111987.0895097089
  },
  "best_x_delta": [
    0.013876573092697402,
    7.329244105044262e-05,
    9.06601096751932e-06,
    0.002531057974325772,
    -77.02497822762619,
    -14.252684554616321,
    -12.168158979368963,
    7.689319200619961,
    80.67770005314998,
    61.16772699423751,
    -28.997390697290736,
    101.46987261539759,
    11.286696852335549,
    107.44425584349761,
    -53.22132332785014,
    -75.33342568833265,
    10.990424492331002,
    83.553177328186,
    35.944067266661484,
    111.9289586134957,
    24.979787826815343,
    125.0747079820959,
    -74.69657588360684,
    36.955965823997246,
    -74.03273192933791,
    45.820594806545856,
    67.6696989859207,
    30.804084043791264,
    23.222878238921176,
    55.87800051468865,
    -0.8633836591131209,
    -31.000101251997513,
    -102.24016472132152,
    -19.003662104164693,
    16.16963117827327,
    34.504111063726555
  ],
  "candidates": [
    {
      "rank": 0,
      "run_id": 0,
      "objective": 634226726.9453954,
      "x_delta": [
        0.013876573092697402,
        7.329244105044262e-05,
        9.06601096751932e-06,
        0.002531057974325772,
        -77.02497822762619,
        -14.252684554616321,
        -12.168158979368963,
        7.689319200619961,
        80.67770005314998,
        61.16772699423751,
        -28.997390697290736,
        101.46987261539759,
        11.286696852335549,
        107.44425584349761,
        -53.22132332785014,
        -75.33342568833265,
        10.990424492331002,
        83.553177328186,
        35.944067266661484,
        111.9289586134957,
        24.979787826815343,
        125.0747079820959,
        -74.69657588360684,
        36.955965823997246,
        -74.03273192933791,
        45.820594806545856,
        67.6696989859207,
        30.804084043791264,
        23.222878238921176,
        55.87800051468865,
        -0.8633836591131209,
        -31.000101251997513,
        -102.24016472132152,
        -19.003662104164693,
        16.16963117827327,
        34.504111063726555
      ],
      "diagnostics": {
        "objective": 634226726.9453954,
        "ray_rmse": 145.27065040242394,
        "len_rmse": 6.109748753964408,
        "proj_rmse": 0.0,
        "success": true,
        "error": null,
        "n_ray": 30000,
        "n_len": 3000,
        "n_proj": 0,
        "s_ray": 633106856.0502982,
        "s_len": 111987.0895097089
      }
    }
  ],
  "runs": [
    {
      "run_id": 0,
      "best_objective": 634226726.9453954,
      "n_generations": 1,
      "n_evals": 14,
      "wall_seconds": 13.25,
      "stop_reason": "max_generations_reached (1)",
      "best_diagnostics": {
        "objective": 634226726.9453954,
        "ray_rmse": 145.27065040242394,
        "len_rmse": 6.109748753964408,
        "proj_rmse": 0.0,
        "success": true,
        "error": null,
        "n_ray": 30000,
        "n_len": 3000,
        "n_proj": 0,
        "s_ray": 633106856.0502982,
        "s_len": 111987.0895097089
      },
      "best_x_delta": [
        0.013876573092697402,
        7.329244105044262e-05,
        9.06601096751932e-06,
        0.002531057974325772,
        -77.02497822762619,
        -14.252684554616321,
        -12.168158979368963,
        7.689319200619961,
        80.67770005314998,
        61.16772699423751,
        -28.997390697290736,
        101.46987261539759,
        11.286696852335549,
        107.44425584349761,
        -53.22132332785014,
        -75.33342568833265,
        10.990424492331002,
        83.553177328186,
        35.944067266661484,
        111.9289586134957,
        24.979787826815343,
        125.0747079820959,
        -74.69657588360684,
        36.955965823997246,
        -74.03273192933791,
        45.820594806545856,
        67.6696989859207,
        30.804084043791264,
        23.222878238921176,
        55.87800051468865,
        -0.8633836591131209,
        -31.000101251997513,
        -102.24016472132152,
        -19.003662104164693,
        16.16963117827327,
        34.504111063726555
      ],
      "generation_log": [
        {
          "gen": 0,
          "best_objective": 634226726.9453954,
          "median_objective": 79900645360.58101,
          "worst_objective": 1.3284220051789745e+18,
          "feasible_fraction": 1.0,
          "sigma": 0.5576867009370566,
          "cumulative_evals": 14,
          "cumulative_wall_seconds": 13.25
        }
      ]
    }
  ]
}