run_id,objective,ray_rmse,len_rmse,proj_rmse,n_ray,n_len,n_proj,s_ray,s_len,success,error,x_delta_0,x_delta_1,x_delta_2,x_delta_3,x_delta_4,x_delta_5,x_delta_6,x_delta_7,x_delta_8,x_delta_9,x_delta_10,x_delta_11,x_delta_12,x_delta_13,x_delta_14,x_delta_15,x_delta_16,x_delta_17,x_delta_18,x_delta_19,x_delta_20,x_delta_21,x_delta_22,x_delta_23,x_delta_24,x_delta_25,x_delta_26,x_delta_27,x_delta_28,x_delta_29,x_delta_30,x_delta_31,x_delta_32,x_delta_33,x_delta_34,x_delta_35
0,634226726.9453954,145.27065040242394,6.109748753964408,0.0,30000,3000,0,633106856.0502982,111987.0895097089,True,,0.013876573092697402,7.329244105044262e-05,9.06601096751932e-06,0.002531057974325772,-77.02497822762619,-14.252684554616321,-12.168158979368963,7.689319200619961,80.67770005314998,61.16772699423751,-28.997390697290736,101.46987261539759,11.286696852335549,107.44425584349761,-53.22132332785014,-75.33342568833265,10.990424492331002,83.553177328186,35.944067266661484,111.9289586134957,24.979787826815343,125.0747079820959,-74.69657588360684,36.955965823997246,-74.03273192933791,45.820594806545856,67.6696989859207,30.804084043791264,23.222878238921176,55.87800051468865,-0.8633836591131209,-31.000101251997513,-102.24016472132152,-19.003662104164693,16.16963117827327,34.504111063726555
